strain	virus	gene	host	accession	date	location	region	country	database	authors	url	title	journal	paper_url
17_NC_001806_2018-08-13	Human alphaherpesvirus 1	HSV1_gH	?	NC_001806	2018-08-13	United Kingdom: Regional Virus Laboratory,	Europe	United Kingdom	BioProject: PRJNA485481	Davison et al	https://www.ncbi.nlm.nih.gov/nuccore/NC_001806	Evolution of sexually transmitted and sexually transmissible human	Ann. N. Y. Acad. Sci. 1230, E37-E49 (2011)	https://pubmed.ncbi.nlm.nih.gov/22417106
HG52_NC_001798_2016-05-16	Human alphaherpesvirus 2	HSV1_gH	Homo sapiens	NC_001798	2016-05-16	United Kingdom	Europe	United Kingdom	BioProject: PRJNA15218	Davison et al	https://www.ncbi.nlm.nih.gov/nuccore/NC_001798	Evolution of sexually-transmitted and -transmissible human	Unpublished	?
HSV1_USA_WA-UW-1C2_2020_OR833062_2020-05-XX	Human alphaherpesvirus 1	HSV1_gH	Homo sapiens	OR833062	2020-05-XX	USA	North America	USA	BioProject: PRJNA1034094	Furlong et al	https://www.ncbi.nlm.nih.gov/nuccore/OR833062	Direct Submission	Submitted (17-NOV-2023) Laboratory Medicine, UW Virology, 1616	?
HSV1_USA_WA-UW-1C4_2020_OR833063_2020-08-XX	Human alphaherpesvirus 1	HSV1_gH	Homo sapiens	OR833063	2020-08-XX	USA	North America	USA	BioProject: PRJNA1034094	Furlong et al	https://www.ncbi.nlm.nih.gov/nuccore/OR833063	Direct Submission	Submitted (17-NOV-2023) Laboratory Medicine, UW Virology, 1616	?
HSV1_USA_WA-UW-2F3_2019_OR833064_2019-10-XX	Human alphaherpesvirus 1	HSV1_gH	Homo sapiens	OR833064	2019-10-XX	USA	North America	USA	BioProject: PRJNA1034094	Furlong et al	https://www.ncbi.nlm.nih.gov/nuccore/OR833064	Direct Submission	Submitted (17-NOV-2023) Laboratory Medicine, UW Virology, 1616	?
HSV1_USA_WA-UW-2J7_2019_OR833065_2019-12-XX	Human alphaherpesvirus 1	HSV1_gH	Homo sapiens	OR833065	2019-12-XX	USA	North America	USA	BioProject: PRJNA1034094	Furlong et al	https://www.ncbi.nlm.nih.gov/nuccore/OR833065	Direct Submission	Submitted (17-NOV-2023) Laboratory Medicine, UW Virology, 1616	?
HSV1_USA_WA-UW-2J8_2019_OR833066_2019-12-XX	Human alphaherpesvirus 1	HSV1_gH	Homo sapiens	OR833066	2019-12-XX	USA	North America	USA	BioProject: PRJNA1034094	Furlong et al	https://www.ncbi.nlm.nih.gov/nuccore/OR833066	Direct Submission	Submitted (17-NOV-2023) Laboratory Medicine, UW Virology, 1616	?
HSV1_USA_WA-UW-2K2_2019_OR833067_2019-12-XX	Human alphaherpesvirus 1	HSV1_gH	Homo sapiens	OR833067	2019-12-XX	USA	North America	USA	BioProject: PRJNA1034094	Furlong et al	https://www.ncbi.nlm.nih.gov/nuccore/OR833067	Direct Submission	Submitted (17-NOV-2023) Laboratory Medicine, UW Virology, 1616	?
HSV1_USA_WA-UW-2K8_2019_OR833068_2019-12-XX	Human alphaherpesvirus 1	HSV1_gH	Homo sapiens	OR833068	2019-12-XX	USA	North America	USA	BioProject: PRJNA1034094	Furlong et al	https://www.ncbi.nlm.nih.gov/nuccore/OR833068	Direct Submission	Submitted (17-NOV-2023) Laboratory Medicine, UW Virology, 1616	?
HSV1_USA_WA-UW-2M3_2020_OR833069_2020-01-XX	Human alphaherpesvirus 1	HSV1_gH	Homo sapiens	OR833069	2020-01-XX	USA	North America	USA	BioProject: PRJNA1034094	Furlong et al	https://www.ncbi.nlm.nih.gov/nuccore/OR833069	Direct Submission	Submitted (17-NOV-2023) Laboratory Medicine, UW Virology, 1616	?
HSV1_USA_WA-UW-2R6_2020_OR833070_2020-02-XX	Human alphaherpesvirus 1	HSV1_gH	Homo sapiens	OR833070	2020-02-XX	USA	North America	USA	BioProject: PRJNA1034094	Furlong et al	https://www.ncbi.nlm.nih.gov/nuccore/OR833070	Direct Submission	Submitted (17-NOV-2023) Laboratory Medicine, UW Virology, 1616	?
HSV1_USA_WA-UW-2R10_2020_OR833071_2020-02-XX	Human alphaherpesvirus 1	HSV1_gH	Homo sapiens	OR833071	2020-02-XX	USA	North America	USA	BioProject: PRJNA1034094	Furlong et al	https://www.ncbi.nlm.nih.gov/nuccore/OR833071	Direct Submission	Submitted (17-NOV-2023) Laboratory Medicine, UW Virology, 1616	?
HSV1_USA_WA-UW-1A6_2020_OR771668_2020-03-XX	Human alphaherpesvirus 1	HSV1_gH	Homo sapiens	OR771668	2020-03-XX	USA	North America	USA	BioProject: PRJNA1034094	Furlong et al	https://www.ncbi.nlm.nih.gov/nuccore/OR771668	Direct Submission	Submitted (02-NOV-2023) Laboratory Medicine, UW Virology, 1616	?
HSV1_USA_WA-UW-1A7_2020_OR771669_2020-03-XX	Human alphaherpesvirus 1	HSV1_gH	Homo sapiens	OR771669	2020-03-XX	USA	North America	USA	BioProject: PRJNA1034094	Furlong et al	https://www.ncbi.nlm.nih.gov/nuccore/OR771669	Direct Submission	Submitted (02-NOV-2023) Laboratory Medicine, UW Virology, 1616	?
HSV1_USA_WA-UW-1B2_2020_OR771670_2020-03-XX	Human alphaherpesvirus 1	HSV1_gH	Homo sapiens	OR771670	2020-03-XX	USA	North America	USA	BioProject: PRJNA1034094	Furlong et al	https://www.ncbi.nlm.nih.gov/nuccore/OR771670	Direct Submission	Submitted (02-NOV-2023) Laboratory Medicine, UW Virology, 1616	?
HSV1_USA_WA-UW-1B3_2020_OR771671_2020-03-XX	Human alphaherpesvirus 1	HSV1_gH	Homo sapiens	OR771671	2020-03-XX	USA	North America	USA	BioProject: PRJNA1034094	Furlong et al	https://www.ncbi.nlm.nih.gov/nuccore/OR771671	Direct Submission	Submitted (02-NOV-2023) Laboratory Medicine, UW Virology, 1616	?
HSV1_USA_WA-UW-1B4_2020_OR771672_2020-03-XX	Human alphaherpesvirus 1	HSV1_gH	Homo sapiens	OR771672	2020-03-XX	USA	North America	USA	BioProject: PRJNA1034094	Furlong et al	https://www.ncbi.nlm.nih.gov/nuccore/OR771672	Direct Submission	Submitted (02-NOV-2023) Laboratory Medicine, UW Virology, 1616	?
HSV1_USA_WA-UW-2C7_2019_OR771673_2019-10-XX	Human alphaherpesvirus 1	HSV1_gH	Homo sapiens	OR771673	2019-10-XX	USA	North America	USA	BioProject: PRJNA1034094	Furlong et al	https://www.ncbi.nlm.nih.gov/nuccore/OR771673	Direct Submission	Submitted (02-NOV-2023) Laboratory Medicine, UW Virology, 1616	?
HSV1_USA_WA-UW-2E9_2019_OR771674_2019-10-XX	Human alphaherpesvirus 1	HSV1_gH	Homo sapiens	OR771674	2019-10-XX	USA	North America	USA	BioProject: PRJNA1034094	Furlong et al	https://www.ncbi.nlm.nih.gov/nuccore/OR771674	Direct Submission	Submitted (02-NOV-2023) Laboratory Medicine, UW Virology, 1616	?
HSV1_USA_WA-UW-2G3_2019_OR771675_2019-11-XX	Human alphaherpesvirus 1	HSV1_gH	Homo sapiens	OR771675	2019-11-XX	USA	North America	USA	BioProject: PRJNA1034094	Furlong et al	https://www.ncbi.nlm.nih.gov/nuccore/OR771675	Direct Submission	Submitted (02-NOV-2023) Laboratory Medicine, UW Virology, 1616	?
HSV1_USA_WA-UW-2I1_2019_OR771676_2019-11-XX	Human alphaherpesvirus 1	HSV1_gH	Homo sapiens	OR771676	2019-11-XX	USA	North America	USA	BioProject: PRJNA1034094	Furlong et al	https://www.ncbi.nlm.nih.gov/nuccore/OR771676	Direct Submission	Submitted (02-NOV-2023) Laboratory Medicine, UW Virology, 1616	?
HSV1_USA_WA-UW-2I2_2019_OR771677_2019-11-XX	Human alphaherpesvirus 1	HSV1_gH	Homo sapiens	OR771677	2019-11-XX	USA	North America	USA	BioProject: PRJNA1034094	Furlong et al	https://www.ncbi.nlm.nih.gov/nuccore/OR771677	Direct Submission	Submitted (02-NOV-2023) Laboratory Medicine, UW Virology, 1616	?
HSV1_USA_WA-UW-2J3_2019_OR771678_2019-12-XX	Human alphaherpesvirus 1	HSV1_gH	Homo sapiens	OR771678	2019-12-XX	USA	North America	USA	BioProject: PRJNA1034094	Furlong et al	https://www.ncbi.nlm.nih.gov/nuccore/OR771678	Direct Submission	Submitted (02-NOV-2023) Laboratory Medicine, UW Virology, 1616	?
HSV1_USA_WA-UW-2K3_2019_OR771679_2019-12-XX	Human alphaherpesvirus 1	HSV1_gH	Homo sapiens	OR771679	2019-12-XX	USA	North America	USA	BioProject: PRJNA1034094	Furlong et al	https://www.ncbi.nlm.nih.gov/nuccore/OR771679	Direct Submission	Submitted (02-NOV-2023) Laboratory Medicine, UW Virology, 1616	?
HSV1_USA_WA-UW-2K4_2019_OR771680_2019-12-XX	Human alphaherpesvirus 1	HSV1_gH	Homo sapiens	OR771680	2019-12-XX	USA	North America	USA	BioProject: PRJNA1034094	Furlong et al	https://www.ncbi.nlm.nih.gov/nuccore/OR771680	Direct Submission	Submitted (02-NOV-2023) Laboratory Medicine, UW Virology, 1616	?
HSV1_USA_WA-UW-2K5_2019_OR771681_2019-12-XX	Human alphaherpesvirus 1	HSV1_gH	Homo sapiens	OR771681	2019-12-XX	USA	North America	USA	BioProject: PRJNA1034094	Furlong et al	https://www.ncbi.nlm.nih.gov/nuccore/OR771681	Direct Submission	Submitted (02-NOV-2023) Laboratory Medicine, UW Virology, 1616	?
HSV1_USA_WA-UW-2L1_2019_OR771683_2019-12-XX	Human alphaherpesvirus 1	HSV1_gH	Homo sapiens	OR771683	2019-12-XX	USA	North America	USA	BioProject: PRJNA1034094	Furlong et al	https://www.ncbi.nlm.nih.gov/nuccore/OR771683	Direct Submission	Submitted (02-NOV-2023) Laboratory Medicine, UW Virology, 1616	?
HSV1_USA_WA-UW-2L3_2019_OR771684_2019-12-XX	Human alphaherpesvirus 1	HSV1_gH	Homo sapiens	OR771684	2019-12-XX	USA	North America	USA	BioProject: PRJNA1034094	Furlong et al	https://www.ncbi.nlm.nih.gov/nuccore/OR771684	Direct Submission	Submitted (02-NOV-2023) Laboratory Medicine, UW Virology, 1616	?
HSV1_USA_WA-UW-2N2_2020_OR771686_2020-01-XX	Human alphaherpesvirus 1	HSV1_gH	Homo sapiens	OR771686	2020-01-XX	USA	North America	USA	BioProject: PRJNA1034094	Furlong et al	https://www.ncbi.nlm.nih.gov/nuccore/OR771686	Direct Submission	Submitted (02-NOV-2023) Laboratory Medicine, UW Virology, 1616	?
HSV1_USA_WA-UW-2N3_2020_OR771687_2020-01-XX	Human alphaherpesvirus 1	HSV1_gH	Homo sapiens	OR771687	2020-01-XX	USA	North America	USA	BioProject: PRJNA1034094	Furlong et al	https://www.ncbi.nlm.nih.gov/nuccore/OR771687	Direct Submission	Submitted (02-NOV-2023) Laboratory Medicine, UW Virology, 1616	?
HSV1_USA_WA-UW-2O2_2020_OR771688_2020-02-XX	Human alphaherpesvirus 1	HSV1_gH	Homo sapiens	OR771688	2020-02-XX	USA	North America	USA	BioProject: PRJNA1034094	Furlong et al	https://www.ncbi.nlm.nih.gov/nuccore/OR771688	Direct Submission	Submitted (02-NOV-2023) Laboratory Medicine, UW Virology, 1616	?
HSV1_USA_WA-UW-2O5_2020_OR771689_2020-02-XX	Human alphaherpesvirus 1	HSV1_gH	Homo sapiens	OR771689	2020-02-XX	USA	North America	USA	BioProject: PRJNA1034094	Furlong et al	https://www.ncbi.nlm.nih.gov/nuccore/OR771689	Direct Submission	Submitted (02-NOV-2023) Laboratory Medicine, UW Virology, 1616	?
HSV1_USA_WA-UW-2O7_2020_OR771690_2020-02-XX	Human alphaherpesvirus 1	HSV1_gH	Homo sapiens	OR771690	2020-02-XX	USA	North America	USA	BioProject: PRJNA1034094	Furlong et al	https://www.ncbi.nlm.nih.gov/nuccore/OR771690	Direct Submission	Submitted (02-NOV-2023) Laboratory Medicine, UW Virology, 1616	?
HSV1_USA_WA-UW-2Q6_2020_OR771691_2020-02-XX	Human alphaherpesvirus 1	HSV1_gH	Homo sapiens	OR771691	2020-02-XX	USA	North America	USA	BioProject: PRJNA1034094	Furlong et al	https://www.ncbi.nlm.nih.gov/nuccore/OR771691	Direct Submission	Submitted (02-NOV-2023) Laboratory Medicine, UW Virology, 1616	?
HSV1_USA_WA-UW-2Q9_2020_OR771692_2020-02-XX	Human alphaherpesvirus 1	HSV1_gH	Homo sapiens	OR771692	2020-02-XX	USA	North America	USA	BioProject: PRJNA1034094	Furlong et al	https://www.ncbi.nlm.nih.gov/nuccore/OR771692	Direct Submission	Submitted (02-NOV-2023) Laboratory Medicine, UW Virology, 1616	?
HSV1_USA_WA-UW-2R1_2020_OR771693_2020-02-XX	Human alphaherpesvirus 1	HSV1_gH	Homo sapiens	OR771693	2020-02-XX	USA	North America	USA	BioProject: PRJNA1034094	Furlong et al	https://www.ncbi.nlm.nih.gov/nuccore/OR771693	Direct Submission	Submitted (02-NOV-2023) Laboratory Medicine, UW Virology, 1616	?
HSV1_USA_WA-UW-2R8_2020_OR771695_2020-02-XX	Human alphaherpesvirus 1	HSV1_gH	Homo sapiens	OR771695	2020-02-XX	USA	North America	USA	BioProject: PRJNA1034094	Furlong et al	https://www.ncbi.nlm.nih.gov/nuccore/OR771695	Direct Submission	Submitted (02-NOV-2023) Laboratory Medicine, UW Virology, 1616	?
dsncRNA12_OR723971_2021-XX-XX	Human alphaherpesvirus 1	HSV1_gH	Homo sapiens	OR723971	2021-XX-XX	USA	North America	USA	?	Ghiasi et al	https://www.ncbi.nlm.nih.gov/nuccore/OR723971	Direct Submission	Submitted (23-OCT-2023) Surgery, Cedars Sinai Medical Center, 329	?
ANG_OQ759608_2023-10-18	Human alphaherpesvirus 1	HSV1_gH	Homo sapiens	OQ759608	2023-10-18	USA	North America	USA	?	Gianopulos et al	https://www.ncbi.nlm.nih.gov/nuccore/OQ759608	Direct Submission	Submitted (05-APR-2023) Veterinary Microbiology and Pathology,	?
BP-C1_OQ724831_2001-XX-XX	Human alphaherpesvirus 1	HSV1_gH	Homo sapiens	OQ724831	2001-XX-XX	USA: Miami, FL	North America	USA	?	Chau et al	https://www.ncbi.nlm.nih.gov/nuccore/OQ724831	Phylogenetic and Genomic Characterization of Whole Genome Sequences	Invest Ophthalmol Vis Sci 64 (10), 16 (2023)	https://pubmed.ncbi.nlm.nih.gov/37450309
BP-C2_OQ724832_2004-XX-XX	Human alphaherpesvirus 1	HSV1_gH	Homo sapiens	OQ724832	2004-XX-XX	USA: Miami, FL	North America	USA	?	Chau et al	https://www.ncbi.nlm.nih.gov/nuccore/OQ724832	Phylogenetic and Genomic Characterization of Whole Genome Sequences	Invest Ophthalmol Vis Sci 64 (10), 16 (2023)	https://pubmed.ncbi.nlm.nih.gov/37450309
BP-C3_OQ724833_2004-XX-XX	Human alphaherpesvirus 1	HSV1_gH	Homo sapiens	OQ724833	2004-XX-XX	USA: Miami, FL	North America	USA	?	Chau et al	https://www.ncbi.nlm.nih.gov/nuccore/OQ724833	Phylogenetic and Genomic Characterization of Whole Genome Sequences	Invest Ophthalmol Vis Sci 64 (10), 16 (2023)	https://pubmed.ncbi.nlm.nih.gov/37450309
BP-C5_OQ724835_2005-XX-XX	Human alphaherpesvirus 1	HSV1_gH	Homo sapiens	OQ724835	2005-XX-XX	USA: Miami, FL	North America	USA	?	Chau et al	https://www.ncbi.nlm.nih.gov/nuccore/OQ724835	Phylogenetic and Genomic Characterization of Whole Genome Sequences	Invest Ophthalmol Vis Sci 64 (10), 16 (2023)	https://pubmed.ncbi.nlm.nih.gov/37450309
BP-C8_OQ724836_2005-XX-XX	Human alphaherpesvirus 1	HSV1_gH	Homo sapiens	OQ724836	2005-XX-XX	USA: Miami, FL	North America	USA	?	Chau et al	https://www.ncbi.nlm.nih.gov/nuccore/OQ724836	Phylogenetic and Genomic Characterization of Whole Genome Sequences	Invest Ophthalmol Vis Sci 64 (10), 16 (2023)	https://pubmed.ncbi.nlm.nih.gov/37450309
BP-C9_OQ724863_2005-XX-XX	Human alphaherpesvirus 1	HSV1_gH	Homo sapiens	OQ724863	2005-XX-XX	USA: Miami, FL	North America	USA	?	Chau et al	https://www.ncbi.nlm.nih.gov/nuccore/OQ724863	Phylogenetic and Genomic Characterization of Whole Genome Sequences	Invest Ophthalmol Vis Sci 64 (10), 16 (2023)	https://pubmed.ncbi.nlm.nih.gov/37450309
BP-C11_OQ724864_2008-XX-XX	Human alphaherpesvirus 1	HSV1_gH	Homo sapiens	OQ724864	2008-XX-XX	USA: Miami, FL	North America	USA	?	Chau et al	https://www.ncbi.nlm.nih.gov/nuccore/OQ724864	Phylogenetic and Genomic Characterization of Whole Genome Sequences	Invest Ophthalmol Vis Sci 64 (10), 16 (2023)	https://pubmed.ncbi.nlm.nih.gov/37450309
BP-C12_OQ724865_2010-XX-XX	Human alphaherpesvirus 1	HSV1_gH	Homo sapiens	OQ724865	2010-XX-XX	USA: Miami, FL	North America	USA	?	Chau et al	https://www.ncbi.nlm.nih.gov/nuccore/OQ724865	Phylogenetic and Genomic Characterization of Whole Genome Sequences	Invest Ophthalmol Vis Sci 64 (10), 16 (2023)	https://pubmed.ncbi.nlm.nih.gov/37450309
BP-C14_OQ724866_2015-XX-XX	Human alphaherpesvirus 1	HSV1_gH	Homo sapiens	OQ724866	2015-XX-XX	USA: Miami, FL	North America	USA	?	Chau et al	https://www.ncbi.nlm.nih.gov/nuccore/OQ724866	Phylogenetic and Genomic Characterization of Whole Genome Sequences	Invest Ophthalmol Vis Sci 64 (10), 16 (2023)	https://pubmed.ncbi.nlm.nih.gov/37450309
BP-C15_OQ724867_2015-XX-XX	Human alphaherpesvirus 1	HSV1_gH	Homo sapiens	OQ724867	2015-XX-XX	USA: Miami, FL	North America	USA	?	Chau et al	https://www.ncbi.nlm.nih.gov/nuccore/OQ724867	Phylogenetic and Genomic Characterization of Whole Genome Sequences	Invest Ophthalmol Vis Sci 64 (10), 16 (2023)	https://pubmed.ncbi.nlm.nih.gov/37450309
BP-K1_OQ724868_2002-XX-XX	Human alphaherpesvirus 1	HSV1_gH	Homo sapiens	OQ724868	2002-XX-XX	USA: Miami, FL	North America	USA	?	Chau et al	https://www.ncbi.nlm.nih.gov/nuccore/OQ724868	Phylogenetic and Genomic Characterization of Whole Genome Sequences	Invest Ophthalmol Vis Sci 64 (10), 16 (2023)	https://pubmed.ncbi.nlm.nih.gov/37450309
BP-K2_OQ724888_2009-XX-XX	Human alphaherpesvirus 1	HSV1_gH	Homo sapiens	OQ724888	2009-XX-XX	USA: Miami, FL	North America	USA	?	Chau et al	https://www.ncbi.nlm.nih.gov/nuccore/OQ724888	Phylogenetic and Genomic Characterization of Whole Genome Sequences	Invest Ophthalmol Vis Sci 64 (10), 16 (2023)	https://pubmed.ncbi.nlm.nih.gov/37450309
BP-K3_OQ724889_2009-XX-XX	Human alphaherpesvirus 1	HSV1_gH	Homo sapiens	OQ724889	2009-XX-XX	USA: Miami, FL	North America	USA	?	Chau et al	https://www.ncbi.nlm.nih.gov/nuccore/OQ724889	Phylogenetic and Genomic Characterization of Whole Genome Sequences	Invest Ophthalmol Vis Sci 64 (10), 16 (2023)	https://pubmed.ncbi.nlm.nih.gov/37450309
BP-K5_OQ724891_2010-XX-XX	Human alphaherpesvirus 1	HSV1_gH	Homo sapiens	OQ724891	2010-XX-XX	USA: Miami, FL	North America	USA	?	Chau et al	https://www.ncbi.nlm.nih.gov/nuccore/OQ724891	Phylogenetic and Genomic Characterization of Whole Genome Sequences	Invest Ophthalmol Vis Sci 64 (10), 16 (2023)	https://pubmed.ncbi.nlm.nih.gov/37450309
BP-K6_OQ724892_2010-XX-XX	Human alphaherpesvirus 1	HSV1_gH	Homo sapiens	OQ724892	2010-XX-XX	USA: Miami, FL	North America	USA	?	Chau et al	https://www.ncbi.nlm.nih.gov/nuccore/OQ724892	Phylogenetic and Genomic Characterization of Whole Genome Sequences	Invest Ophthalmol Vis Sci 64 (10), 16 (2023)	https://pubmed.ncbi.nlm.nih.gov/37450309
BP-K8_OQ724893_2011-XX-XX	Human alphaherpesvirus 1	HSV1_gH	Homo sapiens	OQ724893	2011-XX-XX	USA: Miami, FL	North America	USA	?	Chau et al	https://www.ncbi.nlm.nih.gov/nuccore/OQ724893	Phylogenetic and Genomic Characterization of Whole Genome Sequences	Invest Ophthalmol Vis Sci 64 (10), 16 (2023)	https://pubmed.ncbi.nlm.nih.gov/37450309
BP-K10_OQ724895_2011-XX-XX	Human alphaherpesvirus 1	HSV1_gH	Homo sapiens	OQ724895	2011-XX-XX	USA: Miami, FL	North America	USA	?	Chau et al	https://www.ncbi.nlm.nih.gov/nuccore/OQ724895	Phylogenetic and Genomic Characterization of Whole Genome Sequences	Invest Ophthalmol Vis Sci 64 (10), 16 (2023)	https://pubmed.ncbi.nlm.nih.gov/37450309
BP-K11_OQ724910_2011-XX-XX	Human alphaherpesvirus 1	HSV1_gH	Homo sapiens	OQ724910	2011-XX-XX	USA: Miami, FL	North America	USA	?	Chau et al	https://www.ncbi.nlm.nih.gov/nuccore/OQ724910	Phylogenetic and Genomic Characterization of Whole Genome Sequences	Invest Ophthalmol Vis Sci 64 (10), 16 (2023)	https://pubmed.ncbi.nlm.nih.gov/37450309
BP-K12_OQ724911_2012-XX-XX	Human alphaherpesvirus 1	HSV1_gH	Homo sapiens	OQ724911	2012-XX-XX	USA: Miami, FL	North America	USA	?	Chau et al	https://www.ncbi.nlm.nih.gov/nuccore/OQ724911	Phylogenetic and Genomic Characterization of Whole Genome Sequences	Invest Ophthalmol Vis Sci 64 (10), 16 (2023)	https://pubmed.ncbi.nlm.nih.gov/37450309
BP-K13_OQ724912_2014-XX-XX	Human alphaherpesvirus 1	HSV1_gH	Homo sapiens	OQ724912	2014-XX-XX	USA: Miami, FL	North America	USA	?	Chau et al	https://www.ncbi.nlm.nih.gov/nuccore/OQ724912	Phylogenetic and Genomic Characterization of Whole Genome Sequences	Invest Ophthalmol Vis Sci 64 (10), 16 (2023)	https://pubmed.ncbi.nlm.nih.gov/37450309
BP-K16_OQ724914_2015-XX-XX	Human alphaherpesvirus 1	HSV1_gH	Homo sapiens	OQ724914	2015-XX-XX	USA: Miami, FL	North America	USA	?	Chau et al	https://www.ncbi.nlm.nih.gov/nuccore/OQ724914	Phylogenetic and Genomic Characterization of Whole Genome Sequences	Invest Ophthalmol Vis Sci 64 (10), 16 (2023)	https://pubmed.ncbi.nlm.nih.gov/37450309
BP-K14_OQ724915_2015-XX-XX	Human alphaherpesvirus 1	HSV1_gH	Homo sapiens	OQ724915	2015-XX-XX	USA: Miami, FL	North America	USA	?	Chau et al	https://www.ncbi.nlm.nih.gov/nuccore/OQ724915	Phylogenetic and Genomic Characterization of Whole Genome Sequences	Invest Ophthalmol Vis Sci 64 (10), 16 (2023)	https://pubmed.ncbi.nlm.nih.gov/37450309
BP-L1_OQ724932_2002-XX-XX	Human alphaherpesvirus 1	HSV1_gH	Homo sapiens	OQ724932	2002-XX-XX	USA: Miami FL	North America	USA	?	Chau et al	https://www.ncbi.nlm.nih.gov/nuccore/OQ724932	Phylogenetic and Genomic Characterization of Whole Genome Sequences	Unpublished	?
BP-L2_OQ724933_2003-XX-XX	Human alphaherpesvirus 1	HSV1_gH	Homo sapiens	OQ724933	2003-XX-XX	USA: Miami FL	North America	USA	?	Chau et al	https://www.ncbi.nlm.nih.gov/nuccore/OQ724933	Phylogenetic and Genomic Characterization of Whole Genome Sequences	Unpublished	?
BP-L4_OQ724934_2003-XX-XX	Human alphaherpesvirus 1	HSV1_gH	Homo sapiens	OQ724934	2003-XX-XX	USA: Miami FL	North America	USA	?	Chau et al	https://www.ncbi.nlm.nih.gov/nuccore/OQ724934	Phylogenetic and Genomic Characterization of Whole Genome Sequences	Unpublished	?
BP-L5_OQ724935_2003-XX-XX	Human alphaherpesvirus 1	HSV1_gH	Homo sapiens	OQ724935	2003-XX-XX	USA: Miami FL	North America	USA	?	Chau et al	https://www.ncbi.nlm.nih.gov/nuccore/OQ724935	Phylogenetic and Genomic Characterization of Whole Genome Sequences	Unpublished	?
BP-L9_OQ724936_2009-XX-XX	Human alphaherpesvirus 1	HSV1_gH	Homo sapiens	OQ724936	2009-XX-XX	USA: Miami FL	North America	USA	?	Chau et al	https://www.ncbi.nlm.nih.gov/nuccore/OQ724936	Phylogenetic and Genomic Characterization of Whole Genome Sequences	Unpublished	?
BP-L11_OQ724938_2010-XX-XX	Human alphaherpesvirus 1	HSV1_gH	Homo sapiens	OQ724938	2010-XX-XX	USA: Miami FL	North America	USA	?	Chau et al	https://www.ncbi.nlm.nih.gov/nuccore/OQ724938	Phylogenetic and Genomic Characterization of Whole Genome Sequences	Unpublished	?
BP-L12_OQ724939_2010-XX-XX	Human alphaherpesvirus 1	HSV1_gH	Homo sapiens	OQ724939	2010-XX-XX	USA: Miami FL	North America	USA	?	Chau et al	https://www.ncbi.nlm.nih.gov/nuccore/OQ724939	Phylogenetic and Genomic Characterization of Whole Genome Sequences	Unpublished	?
BP-L13_OQ724940_2011-XX-XX	Human alphaherpesvirus 1	HSV1_gH	Homo sapiens	OQ724940	2011-XX-XX	USA: Miami FL	North America	USA	?	Chau et al	https://www.ncbi.nlm.nih.gov/nuccore/OQ724940	Phylogenetic and Genomic Characterization of Whole Genome Sequences	Unpublished	?
CJ455_OQ724954_1975-XX-XX	Human alphaherpesvirus 1	HSV1_gH	Homo sapiens	OQ724954	1975-XX-XX	USA: Seattle, Washington	North America	USA	?	Chau et al	https://www.ncbi.nlm.nih.gov/nuccore/OQ724954	Phylogenetic and Genomic Characterization of Whole Genome Sequences	Unpublished	?
CJ462_OQ724955_1975-XX-XX	Human alphaherpesvirus 1	HSV1_gH	Homo sapiens	OQ724955	1975-XX-XX	USA: Seattle, Washington	North America	USA	?	Chau et al	https://www.ncbi.nlm.nih.gov/nuccore/OQ724955	Phylogenetic and Genomic Characterization of Whole Genome Sequences	Unpublished	?
CJ505_OQ724962_1975-XX-XX	Human alphaherpesvirus 1	HSV1_gH	Homo sapiens	OQ724962	1975-XX-XX	USA: Seattle, Washington	North America	USA	?	Chau et al	https://www.ncbi.nlm.nih.gov/nuccore/OQ724962	Phylogenetic and Genomic Characterization of Whole Genome Sequences	Invest Ophthalmol Vis Sci 64 (10), 16 (2023)	https://pubmed.ncbi.nlm.nih.gov/37450309
CJ858_OQ724963_1975-XX-XX	Human alphaherpesvirus 1	HSV1_gH	Homo sapiens	OQ724963	1975-XX-XX	USA: Seattle, Washington	North America	USA	?	Chau et al	https://www.ncbi.nlm.nih.gov/nuccore/OQ724963	Phylogenetic and Genomic Characterization of Whole Genome Sequences	Invest Ophthalmol Vis Sci 64 (10), 16 (2023)	https://pubmed.ncbi.nlm.nih.gov/37450309
INV-20A_OP871845_2023-06-28	Human alphaherpesvirus 1	HSV1_gH	Homo sapiens	OP871845	2023-06-28	USA	North America	USA	?	Kolb et al	https://www.ncbi.nlm.nih.gov/nuccore/OP871845	Disease parameters following ocular herpes simplex virus type 1	PLoS One 18 (6), e0287194 (2023)	https://pubmed.ncbi.nlm.nih.gov/37319284
INV-25D_OP871851_2023-06-28	Human alphaherpesvirus 1	HSV1_gH	Homo sapiens	OP871851	2023-06-28	USA	North America	USA	?	Kolb et al	https://www.ncbi.nlm.nih.gov/nuccore/OP871851	Disease parameters following ocular herpes simplex virus type 1	PLoS One 18 (6), e0287194 (2023)	https://pubmed.ncbi.nlm.nih.gov/37319284
ES_OQ658624_1985-XX-XX	Human alphaherpesvirus 1	HSV1_gH	Homo sapiens	OQ658624	1985-XX-XX	USSR	Europe	Russia	?	Fadeev et al	https://www.ncbi.nlm.nih.gov/nuccore/OQ658624	Whole genome sequencing of HSV-1 strain ES isolated in 1985 in	Unpublished	?
352_08_OQ102003_2008-XX-XX	Human alphaherpesvirus 1	HSV1_gH	Homo sapiens	OQ102003	2008-XX-XX	South Africa	Africa	South Africa	?	Viljoen et al	https://www.ncbi.nlm.nih.gov/nuccore/OQ102003	Direct Submission	Submitted (19-DEC-2022) Special Viral Pathogens Laboratory,	?
NIVD4_ON513441_2017-09-19	Human alphaherpesvirus 1	HSV1_gH	Homo sapiens	ON513441	2017-09-19	China	Asia	China	?	Lu et al	https://www.ncbi.nlm.nih.gov/nuccore/ON513441	Isolation of a Herpes simplex virus 1 from an immunocompromised	Unpublished	?
HSV1-v70_d1_cu_gen_les_OP297861_2022-10-16	Human alphaherpesvirus 1	HSV1_gH	Homo sapiens	OP297861	2022-10-16	?	?	?	?	Johnston et al	https://www.ncbi.nlm.nih.gov/nuccore/OP297861	Natural history of first-episode genital HSV-1 infections: a cohort	Unpublished	?
HSV1-v73_d4_cu_gen_les_OP297862_2022-10-16	Human alphaherpesvirus 1	HSV1_gH	Homo sapiens	OP297862	2022-10-16	?	?	?	?	Johnston et al	https://www.ncbi.nlm.nih.gov/nuccore/OP297862	Natural history of first-episode genital HSV-1 infections: a cohort	Unpublished	?
HSV1-v61_d2_cu_gen_les_OP297863_2022-10-16	Human alphaherpesvirus 1	HSV1_gH	Homo sapiens	OP297863	2022-10-16	?	?	?	?	Johnston et al	https://www.ncbi.nlm.nih.gov/nuccore/OP297863	Natural history of first-episode genital HSV-1 infections: a cohort	Unpublished	?
HSV1-v56_d6_cu_gen_les_OP297864_2022-10-16	Human alphaherpesvirus 1	HSV1_gH	Homo sapiens	OP297864	2022-10-16	?	?	?	?	Johnston et al	https://www.ncbi.nlm.nih.gov/nuccore/OP297864	Natural history of first-episode genital HSV-1 infections: a cohort	Unpublished	?
HSV1-v71_d395_cu_gen_les_OP297866_2022-10-16	Human alphaherpesvirus 1	HSV1_gH	Homo sapiens	OP297866	2022-10-16	?	?	?	?	Johnston et al	https://www.ncbi.nlm.nih.gov/nuccore/OP297866	Natural history of first-episode genital HSV-1 infections: a cohort	Unpublished	?
HSV1-v52_d84_cu_gen_les_OP297867_2022-10-16	Human alphaherpesvirus 1	HSV1_gH	Homo sapiens	OP297867	2022-10-16	?	?	?	?	Johnston et al	https://www.ncbi.nlm.nih.gov/nuccore/OP297867	Natural history of first-episode genital HSV-1 infections: a cohort	Unpublished	?
HSV1-v42_d338_cu_gen_les_OP297869_2022-10-16	Human alphaherpesvirus 1	HSV1_gH	Homo sapiens	OP297869	2022-10-16	?	?	?	?	Johnston et al	https://www.ncbi.nlm.nih.gov/nuccore/OP297869	Natural history of first-episode genital HSV-1 infections: a cohort	Unpublished	?
HSV1-v69_d2_cu_gen_les_OP297871_2022-10-16	Human alphaherpesvirus 1	HSV1_gH	Homo sapiens	OP297871	2022-10-16	?	?	?	?	Johnston et al	https://www.ncbi.nlm.nih.gov/nuccore/OP297871	Natural history of first-episode genital HSV-1 infections: a cohort	Unpublished	?
HSV1-v62_d3_cu_gen_les_OP297872_2022-10-16	Human alphaherpesvirus 1	HSV1_gH	Homo sapiens	OP297872	2022-10-16	?	?	?	?	Johnston et al	https://www.ncbi.nlm.nih.gov/nuccore/OP297872	Natural history of first-episode genital HSV-1 infections: a cohort	Unpublished	?
HSV1-v54_d71_cu_gen_les_OP297873_2022-10-16	Human alphaherpesvirus 1	HSV1_gH	Homo sapiens	OP297873	2022-10-16	?	?	?	?	Johnston et al	https://www.ncbi.nlm.nih.gov/nuccore/OP297873	Natural history of first-episode genital HSV-1 infections: a cohort	Unpublished	?
HSV1-v74_d193_cu_gen_OP297874_2022-10-16	Human alphaherpesvirus 1	HSV1_gH	Homo sapiens	OP297874	2022-10-16	?	?	?	?	Johnston et al	https://www.ncbi.nlm.nih.gov/nuccore/OP297874	Natural history of first-episode genital HSV-1 infections: a cohort	Unpublished	?
v49_d257_cu_gen_les_OP297875_2022-10-16	Human alphaherpesvirus 1	HSV1_gH	Homo sapiens	OP297875	2022-10-16	?	?	?	?	Johnston et al	https://www.ncbi.nlm.nih.gov/nuccore/OP297875	Natural history of first-episode genital HSV-1 infections: a cohort	Unpublished	?
HSV1-v59_d121_cu_gen_les_OP297876_2022-10-16	Human alphaherpesvirus 1	HSV1_gH	Homo sapiens	OP297876	2022-10-16	?	?	?	?	Johnston et al	https://www.ncbi.nlm.nih.gov/nuccore/OP297876	Natural history of first-episode genital HSV-1 infections: a cohort	Unpublished	?
HSV1-v66_d6_cu_gen_OP297877_2022-10-16	Human alphaherpesvirus 1	HSV1_gH	Homo sapiens	OP297877	2022-10-16	?	?	?	?	Johnston et al	https://www.ncbi.nlm.nih.gov/nuccore/OP297877	Natural history of first-episode genital HSV-1 infections: a cohort	Unpublished	?
HSV1-v63_d284_cu_oral_OP297879_2022-10-16	Human alphaherpesvirus 1	HSV1_gH	Homo sapiens	OP297879	2022-10-16	?	?	?	?	Johnston et al	https://www.ncbi.nlm.nih.gov/nuccore/OP297879	Natural history of first-episode genital HSV-1 infections: a cohort	Unpublished	?
HSV1-v68_d8_cu_gen_les_OP297880_2022-10-16	Human alphaherpesvirus 1	HSV1_gH	Homo sapiens	OP297880	2022-10-16	?	?	?	?	Johnston et al	https://www.ncbi.nlm.nih.gov/nuccore/OP297880	Natural history of first-episode genital HSV-1 infections: a cohort	Unpublished	?
HSV1-v75_d23_cu_gen_les_OP297883_2022-10-16	Human alphaherpesvirus 1	HSV1_gH	Homo sapiens	OP297883	2022-10-16	?	?	?	?	Johnston et al	https://www.ncbi.nlm.nih.gov/nuccore/OP297883	Natural history of first-episode genital HSV-1 infections: a cohort	Unpublished	?
HSV1-v57_d3_cu_gen_les_OP297884_2022-10-16	Human alphaherpesvirus 1	HSV1_gH	Homo sapiens	OP297884	2022-10-16	?	?	?	?	Johnston et al	https://www.ncbi.nlm.nih.gov/nuccore/OP297884	Natural history of first-episode genital HSV-1 infections: a cohort	Unpublished	?
HSV1-San-Francisco-USA-1982-H193-CSF_ON960054_1982-XX-XX	Human alphaherpesvirus 1	HSV1_gH	Homo sapiens	ON960054	1982-XX-XX	USA	North America	USA	?	Dweikat et al	https://www.ncbi.nlm.nih.gov/nuccore/ON960054	Multi-phenotype analysis for enhanced classification of eleven	J Gen Virol (2022) In press	?
HSV1-San-Francisco-USA-1980-EKN_ON960056_1980-XX-XX	Human alphaherpesvirus 1	HSV1_gH	Homo sapiens	ON960056	1980-XX-XX	USA	North America	USA	?	Dweikat et al	https://www.ncbi.nlm.nih.gov/nuccore/ON960056	Multi-phenotype analysis for enhanced classification of eleven	J Gen Virol (2022) In press	?
HSV1-San-Francisco-USA-1979-DAB1_ON960057_1979-XX-XX	Human alphaherpesvirus 1	HSV1_gH	Homo sapiens	ON960057	1979-XX-XX	USA	North America	USA	?	Dweikat et al	https://www.ncbi.nlm.nih.gov/nuccore/ON960057	Multi-phenotype analysis for enhanced classification of eleven	J Gen Virol (2022) In press	?
HSV1-San-Francisco-USA-1979-H144_ON960058_1979-XX-XX	Human alphaherpesvirus 1	HSV1_gH	Homo sapiens	ON960058	1979-XX-XX	USA	North America	USA	?	Dweikat et al	https://www.ncbi.nlm.nih.gov/nuccore/ON960058	Multi-phenotype analysis for enhanced classification of eleven	J Gen Virol (2022) In press	?
HSV1-San-Francisco-USA-1974-HTZ_ON960059_1974-XX-XX	Human alphaherpesvirus 1	HSV1_gH	Homo sapiens	ON960059	1974-XX-XX	USA	North America	USA	?	Dweikat et al	https://www.ncbi.nlm.nih.gov/nuccore/ON960059	Multi-phenotype analysis for enhanced classification of eleven	J Gen Virol (2022) In press	?
HSV1-San-Francisco-USA-1967-RE_ON960060_1967-XX-XX	Human alphaherpesvirus 1	HSV1_gH	Homo sapiens	ON960060	1967-XX-XX	USA	North America	USA	?	Dweikat et al	https://www.ncbi.nlm.nih.gov/nuccore/ON960060	Multi-phenotype analysis for enhanced classification of eleven	J Gen Virol (2022) In press	?
HSV1-Atlanta-USA-1965-E377_ON960061_1965-XX-XX	Human alphaherpesvirus 1	HSV1_gH	Homo sapiens	ON960061	1965-XX-XX	USA	North America	USA	?	Dweikat et al	https://www.ncbi.nlm.nih.gov/nuccore/ON960061	Multi-phenotype analysis for enhanced classification of eleven	J Gen Virol (2022) In press	?
v40_unk_gen_ON007132_2022-04-26	Human alphaherpesvirus 1	HSV1_gH	?	ON007132	2022-04-26	?	?	?	?	Rathbun et al	https://www.ncbi.nlm.nih.gov/nuccore/ON007132	Comparison of herpes simplex virus 1 genetic diversity between	Unpublished	?
v41_d354_oral_ON007157_2022-04-26	Human alphaherpesvirus 1	HSV1_gH	?	ON007157	2022-04-26	?	?	?	?	Rathbun et al	https://www.ncbi.nlm.nih.gov/nuccore/ON007157	Comparison of herpes simplex virus 1 genetic diversity between	Unpublished	?
Sample4_DOCK8_MN925871_2015-XX-XX	Human alphaherpesvirus 1	HSV1_gH	Homo sapiens	MN925871	2015-XX-XX	USA	North America	USA	BioProject: PRJNA562737	Casto et al	https://www.ncbi.nlm.nih.gov/nuccore/MN925871	Evaluation of Genotypic Antiviral Resistance Testing as an	J. Infect. Dis. (2020) In press	https://pubmed.ncbi.nlm.nih.gov/31970398
Sample6_DOCK8_MN401205_2016-XX-XX	Human alphaherpesvirus 1	HSV1_gH	Homo sapiens	MN401205	2016-XX-XX	USA	North America	USA	BioProject: PRJNA562737	Casto et al	https://www.ncbi.nlm.nih.gov/nuccore/MN401205	Evaluation of Genotypic Antiviral Resistance Testing as an	J. Infect. Dis. (2020) In press	https://pubmed.ncbi.nlm.nih.gov/31970398
Neonate_disseminated_skin_HSV_1_MK952183_2019-10-23	Human alphaherpesvirus 1	HSV1_gH	Homo sapiens	MK952183	2019-10-23	?	?	?	?	Shipley et al	https://www.ncbi.nlm.nih.gov/nuccore/MK952183	Personalized viral genomic investigation of herpes simplex virus 1	Cold Spring Harb Mol Case Stud (2019) In press	https://pubmed.ncbi.nlm.nih.gov/31582464
s17pp4_MN159378_2019-09-30	Human alphaherpesvirus 1	HSV1_gH	?	MN159378	2019-09-30	?	?	?	?	Jones et al	https://www.ncbi.nlm.nih.gov/nuccore/MN159378	Genetic and phenotypic intrastrain variation in herpes simplex	Unpublished	?
s17pp5_MN159379_2019-09-30	Human alphaherpesvirus 1	HSV1_gH	?	MN159379	2019-09-30	?	?	?	?	Jones et al	https://www.ncbi.nlm.nih.gov/nuccore/MN159379	Genetic and phenotypic intrastrain variation in herpes simplex	Unpublished	?
s17pp22a_MN159382_2019-09-30	Human alphaherpesvirus 1	HSV1_gH	?	MN159382	2019-09-30	?	?	?	?	Jones et al	https://www.ncbi.nlm.nih.gov/nuccore/MN159382	Genetic and phenotypic intrastrain variation in herpes simplex	Unpublished	?
Sc16_MN159383_2019-09-30	Human alphaherpesvirus 1	HSV1_gH	?	MN159383	2019-09-30	?	?	?	?	Jones et al	https://www.ncbi.nlm.nih.gov/nuccore/MN159383	Genetic and phenotypic intrastrain variation in herpes simplex	Unpublished	?
MCL-18-H-1091_MH480513_2018-05-XX	Human alphaherpesvirus 1	HSV1_gH	Homo sapiens	MH480513	2018-05-XX	India	Asia	India	?	Yadav et al	https://www.ncbi.nlm.nih.gov/nuccore/MH480513	HSV1 full genome sequence from India	Unpublished	?
NIV1613762_MH319852_2016-08-XX	Human alphaherpesvirus 1	HSV1_gH	Homo sapiens	MH319852	2016-08-XX	India	Asia	India	?	Yadav et al	https://www.ncbi.nlm.nih.gov/nuccore/MH319852	HSV1 full genome sequence from India	Unpublished	?
2018-6594_MH813981_2023-10-27	Human alphaherpesvirus 1	HSV1_gH	Homo sapiens	MH813981	2023-10-27	?	?	?	BioProject: PRJNA338014	Roychoudhury et al	https://www.ncbi.nlm.nih.gov/nuccore/MH813981	HSV1 whole genome sequences from clinical isolates	Unpublished	?
K86_MH999839_2019-01-29	Human alphaherpesvirus 1	HSV1_gH	Homo sapiens	MH999839	2019-01-29	?	?	?	?	Renner et al	https://www.ncbi.nlm.nih.gov/nuccore/MH999839	Genome sequence of two predominant genotypes of herpes simplex	Unpublished	?
HSV-H1211_MH999843_2019-01-29	Human alphaherpesvirus 1	HSV1_gH	Homo sapiens	MH999843	2019-01-29	?	?	?	?	Bowen et al	https://www.ncbi.nlm.nih.gov/nuccore/MH999843	Genetic and phenotypic variation of HSV-1 strains circulating in	Unpublished	?
HSV-H12114_MH999844_2019-01-29	Human alphaherpesvirus 1	HSV1_gH	Homo sapiens	MH999844	2019-01-29	?	?	?	?	Bowen et al	https://www.ncbi.nlm.nih.gov/nuccore/MH999844	Genetic and phenotypic variation of HSV-1 strains circulating in	Unpublished	?
HSV-H12117_MH999845_2019-01-29	Human alphaherpesvirus 1	HSV1_gH	Homo sapiens	MH999845	2019-01-29	?	?	?	?	Bowen et al	https://www.ncbi.nlm.nih.gov/nuccore/MH999845	Genetic and phenotypic variation of HSV-1 strains circulating in	Unpublished	?
HSV-H12118_MH999847_2019-01-29	Human alphaherpesvirus 1	HSV1_gH	Homo sapiens	MH999847	2019-01-29	?	?	?	?	Bowen et al	https://www.ncbi.nlm.nih.gov/nuccore/MH999847	Genetic and phenotypic variation of HSV-1 strains circulating in	Unpublished	?
HSV-H1311_MH999848_2019-01-29	Human alphaherpesvirus 1	HSV1_gH	Homo sapiens	MH999848	2019-01-29	?	?	?	?	Bowen et al	https://www.ncbi.nlm.nih.gov/nuccore/MH999848	Genetic and phenotypic variation of HSV-1 strains circulating in	Unpublished	?
HSV-H1312_MH999849_2019-01-29	Human alphaherpesvirus 1	HSV1_gH	Homo sapiens	MH999849	2019-01-29	?	?	?	?	Bowen et al	https://www.ncbi.nlm.nih.gov/nuccore/MH999849	Genetic and phenotypic variation of HSV-1 strains circulating in	Unpublished	?
NIV_1722974_MG646679_2017-07-24	Human alphaherpesvirus 1	HSV1_gH	Homo sapiens	MG646679	2017-07-24	India	Asia	India	?	Yadav et al	https://www.ncbi.nlm.nih.gov/nuccore/MG646679	Direct Submission	Submitted (05-DEC-2017) Maximum Containment Laboratory, National	?
HSV-v29_site16_day1_MH102298_2018-07-07	Human alphaherpesvirus 1	HSV1_gH	?	MH102298	2018-07-07	?	?	?	?	Shipley et al	https://www.ncbi.nlm.nih.gov/nuccore/MH102298	Genome-Wide Surveillance of Genital Herpes Simplex Virus Type 1	J. Infect. Dis. (2018) In press	https://pubmed.ncbi.nlm.nih.gov/29920588
2011-31164_MG999838_2023-08-23	Human alphaherpesvirus 1	HSV1_gH	Homo sapiens	MG999838	2023-08-23	?	?	?	BioProject: PRJNA338014	Greninger et al	https://www.ncbi.nlm.nih.gov/nuccore/MG999838	Ultrasensitive Capture of Human Herpes Simplex Virus Genomes	mSphere 3 (3), e00283-18 (2018)	https://pubmed.ncbi.nlm.nih.gov/29898986
2009-39273_MG999839_2023-08-23	Human alphaherpesvirus 1	HSV1_gH	Homo sapiens	MG999839	2023-08-23	?	?	?	BioProject: PRJNA338014	Greninger et al	https://www.ncbi.nlm.nih.gov/nuccore/MG999839	Ultrasensitive Capture of Human Herpes Simplex Virus Genomes	mSphere 3 (3), e00283-18 (2018)	https://pubmed.ncbi.nlm.nih.gov/29898986
2011-12717_MG999844_2023-08-23	Human alphaherpesvirus 1	HSV1_gH	Homo sapiens	MG999844	2023-08-23	?	?	?	BioProject: PRJNA338014	Greninger et al	https://www.ncbi.nlm.nih.gov/nuccore/MG999844	Ultrasensitive Capture of Human Herpes Simplex Virus Genomes	mSphere 3 (3), e00283-18 (2018)	https://pubmed.ncbi.nlm.nih.gov/29898986
1997-5801_MG999849_2023-08-23	Human alphaherpesvirus 1	HSV1_gH	Homo sapiens	MG999849	2023-08-23	?	?	?	BioProject: PRJNA338014	Greninger et al	https://www.ncbi.nlm.nih.gov/nuccore/MG999849	Ultrasensitive Capture of Human Herpes Simplex Virus Genomes	mSphere 3 (3), e00283-18 (2018)	https://pubmed.ncbi.nlm.nih.gov/29898986
2010-25244_MG999850_2023-08-23	Human alphaherpesvirus 1	HSV1_gH	Homo sapiens	MG999850	2023-08-23	?	?	?	BioProject: PRJNA338014	Greninger et al	https://www.ncbi.nlm.nih.gov/nuccore/MG999850	Ultrasensitive Capture of Human Herpes Simplex Virus Genomes	mSphere 3 (3), e00283-18 (2018)	https://pubmed.ncbi.nlm.nih.gov/29898986
2000-24198_MG999851_2023-08-23	Human alphaherpesvirus 1	HSV1_gH	Homo sapiens	MG999851	2023-08-23	?	?	?	BioProject: PRJNA338014	Greninger et al	https://www.ncbi.nlm.nih.gov/nuccore/MG999851	Ultrasensitive Capture of Human Herpes Simplex Virus Genomes	mSphere 3 (3), e00283-18 (2018)	https://pubmed.ncbi.nlm.nih.gov/29898986
2010-21371_MG999854_2023-08-23	Human alphaherpesvirus 1	HSV1_gH	Homo sapiens	MG999854	2023-08-23	?	?	?	BioProject: PRJNA338014	Greninger et al	https://www.ncbi.nlm.nih.gov/nuccore/MG999854	Ultrasensitive Capture of Human Herpes Simplex Virus Genomes	mSphere 3 (3), e00283-18 (2018)	https://pubmed.ncbi.nlm.nih.gov/29898986
1996-13975_MG999855_2023-08-23	Human alphaherpesvirus 1	HSV1_gH	Homo sapiens	MG999855	2023-08-23	?	?	?	BioProject: PRJNA338014	Greninger et al	https://www.ncbi.nlm.nih.gov/nuccore/MG999855	Ultrasensitive Capture of Human Herpes Simplex Virus Genomes	mSphere 3 (3), e00283-18 (2018)	https://pubmed.ncbi.nlm.nih.gov/29898986
2011-21041_MG999858_2023-08-23	Human alphaherpesvirus 1	HSV1_gH	Homo sapiens	MG999858	2023-08-23	?	?	?	BioProject: PRJNA338014	Greninger et al	https://www.ncbi.nlm.nih.gov/nuccore/MG999858	Ultrasensitive Capture of Human Herpes Simplex Virus Genomes	mSphere 3 (3), e00283-18 (2018)	https://pubmed.ncbi.nlm.nih.gov/29898986
25_2006-37406_MG999860_2023-08-23	Human alphaherpesvirus 1	HSV1_gH	Homo sapiens	MG999860	2023-08-23	?	?	?	BioProject: PRJNA338014	Greninger et al	https://www.ncbi.nlm.nih.gov/nuccore/MG999860	Ultrasensitive Capture of Human Herpes Simplex Virus Genomes	mSphere 3 (3), e00283-18 (2018)	https://pubmed.ncbi.nlm.nih.gov/29898986
1998-7487_MG999861_2023-10-27	Human alphaherpesvirus 1	HSV1_gH	Homo sapiens	MG999861	2023-10-27	?	?	?	BioProject: PRJNA338014	Greninger et al	https://www.ncbi.nlm.nih.gov/nuccore/MG999861	Ultrasensitive Capture of Human Herpes Simplex Virus Genomes	mSphere 3 (3), e00283-18 (2018)	https://pubmed.ncbi.nlm.nih.gov/29898986
2009-25772_MG999865_2023-08-23	Human alphaherpesvirus 1	HSV1_gH	Homo sapiens	MG999865	2023-08-23	?	?	?	BioProject: PRJNA338014	Greninger et al	https://www.ncbi.nlm.nih.gov/nuccore/MG999865	Ultrasensitive Capture of Human Herpes Simplex Virus Genomes	mSphere 3 (3), e00283-18 (2018)	https://pubmed.ncbi.nlm.nih.gov/29898986
2005-589_MG999866_2023-08-23	Human alphaherpesvirus 1	HSV1_gH	Homo sapiens	MG999866	2023-08-23	?	?	?	BioProject: PRJNA338014	Greninger et al	https://www.ncbi.nlm.nih.gov/nuccore/MG999866	Ultrasensitive Capture of Human Herpes Simplex Virus Genomes	mSphere 3 (3), e00283-18 (2018)	https://pubmed.ncbi.nlm.nih.gov/29898986
2011-5409_MG999869_2023-08-23	Human alphaherpesvirus 1	HSV1_gH	Homo sapiens	MG999869	2023-08-23	?	?	?	BioProject: PRJNA338014	Greninger et al	https://www.ncbi.nlm.nih.gov/nuccore/MG999869	Ultrasensitive Capture of Human Herpes Simplex Virus Genomes	mSphere 3 (3), e00283-18 (2018)	https://pubmed.ncbi.nlm.nih.gov/29898986
2004-63623_MG999877_2023-08-23	Human alphaherpesvirus 1	HSV1_gH	Homo sapiens	MG999877	2023-08-23	?	?	?	BioProject: PRJNA338014	Greninger et al	https://www.ncbi.nlm.nih.gov/nuccore/MG999877	Ultrasensitive Capture of Human Herpes Simplex Virus Genomes	mSphere 3 (3), e00283-18 (2018)	https://pubmed.ncbi.nlm.nih.gov/29898986
2011-17275_MG999879_2023-08-23	Human alphaherpesvirus 1	HSV1_gH	Homo sapiens	MG999879	2023-08-23	?	?	?	BioProject: PRJNA338014	Greninger et al	https://www.ncbi.nlm.nih.gov/nuccore/MG999879	Ultrasensitive Capture of Human Herpes Simplex Virus Genomes	mSphere 3 (3), e00283-18 (2018)	https://pubmed.ncbi.nlm.nih.gov/29898986
2007-16426_MG999880_2023-08-23	Human alphaherpesvirus 1	HSV1_gH	Homo sapiens	MG999880	2023-08-23	?	?	?	BioProject: PRJNA338014	Greninger et al	https://www.ncbi.nlm.nih.gov/nuccore/MG999880	Ultrasensitive Capture of Human Herpes Simplex Virus Genomes	mSphere 3 (3), e00283-18 (2018)	https://pubmed.ncbi.nlm.nih.gov/29898986
2007-16123_MG999881_2023-08-23	Human alphaherpesvirus 1	HSV1_gH	Homo sapiens	MG999881	2023-08-23	?	?	?	BioProject: PRJNA338014	Greninger et al	https://www.ncbi.nlm.nih.gov/nuccore/MG999881	Ultrasensitive Capture of Human Herpes Simplex Virus Genomes	mSphere 3 (3), e00283-18 (2018)	https://pubmed.ncbi.nlm.nih.gov/29898986
2011-13906_MG999882_2023-08-23	Human alphaherpesvirus 1	HSV1_gH	Homo sapiens	MG999882	2023-08-23	?	?	?	BioProject: PRJNA338014	Greninger et al	https://www.ncbi.nlm.nih.gov/nuccore/MG999882	Ultrasensitive Capture of Human Herpes Simplex Virus Genomes	mSphere 3 (3), e00283-18 (2018)	https://pubmed.ncbi.nlm.nih.gov/29898986
2007-12932_MG999883_2023-08-23	Human alphaherpesvirus 1	HSV1_gH	Homo sapiens	MG999883	2023-08-23	?	?	?	BioProject: PRJNA338014	Greninger et al	https://www.ncbi.nlm.nih.gov/nuccore/MG999883	Ultrasensitive Capture of Human Herpes Simplex Virus Genomes	mSphere 3 (3), e00283-18 (2018)	https://pubmed.ncbi.nlm.nih.gov/29898986
2006-57683_MG999884_2023-08-23	Human alphaherpesvirus 1	HSV1_gH	Homo sapiens	MG999884	2023-08-23	?	?	?	BioProject: PRJNA338014	Greninger et al	https://www.ncbi.nlm.nih.gov/nuccore/MG999884	Ultrasensitive Capture of Human Herpes Simplex Virus Genomes	mSphere 3 (3), e00283-18 (2018)	https://pubmed.ncbi.nlm.nih.gov/29898986
2007-21335_MG999885_2023-08-23	Human alphaherpesvirus 1	HSV1_gH	Homo sapiens	MG999885	2023-08-23	?	?	?	BioProject: PRJNA338014	Greninger et al	https://www.ncbi.nlm.nih.gov/nuccore/MG999885	Ultrasensitive Capture of Human Herpes Simplex Virus Genomes	mSphere 3 (3), e00283-18 (2018)	https://pubmed.ncbi.nlm.nih.gov/29898986
2016-1040_MG999886_2023-08-23	Human alphaherpesvirus 1	HSV1_gH	Homo sapiens	MG999886	2023-08-23	?	?	?	BioProject: PRJNA338014	Greninger et al	https://www.ncbi.nlm.nih.gov/nuccore/MG999886	Ultrasensitive Capture of Human Herpes Simplex Virus Genomes	mSphere 3 (3), e00283-18 (2018)	https://pubmed.ncbi.nlm.nih.gov/29898986
2014-32338_MG999894_2023-08-23	Human alphaherpesvirus 1	HSV1_gH	Homo sapiens	MG999894	2023-08-23	?	?	?	BioProject: PRJNA338014	Greninger et al	https://www.ncbi.nlm.nih.gov/nuccore/MG999894	Ultrasensitive Capture of Human Herpes Simplex Virus Genomes	mSphere 3 (3), e00283-18 (2018)	https://pubmed.ncbi.nlm.nih.gov/29898986
2007-03494_S436_L001_MG999895_2023-08-23	Human alphaherpesvirus 1	HSV1_gH	Homo sapiens	MG999895	2023-08-23	?	?	?	BioProject: PRJNA338014	Greninger et al	https://www.ncbi.nlm.nih.gov/nuccore/MG999895	Ultrasensitive Capture of Human Herpes Simplex Virus Genomes	mSphere 3 (3), e00283-18 (2018)	https://pubmed.ncbi.nlm.nih.gov/29898986
2011-3153_MG999898_2023-08-23	Human alphaherpesvirus 1	HSV1_gH	Homo sapiens	MG999898	2023-08-23	?	?	?	BioProject: PRJNA338014	Greninger et al	https://www.ncbi.nlm.nih.gov/nuccore/MG999898	Ultrasensitive Capture of Human Herpes Simplex Virus Genomes	mSphere 3 (3), e00283-18 (2018)	https://pubmed.ncbi.nlm.nih.gov/29898986
HSV1-CULTURE-H5_MH160358_2023-10-27	Human alphaherpesvirus 1	HSV1_gH	Homo sapiens	MH160358	2023-10-27	?	?	?	BioProject: PRJNA338014	Greninger et al	https://www.ncbi.nlm.nih.gov/nuccore/MH160358	Ultrasensitive capture of human herpes simplex virus genomes	bioRxivorg (2018) In press	?
HSV1-ORIGINAL-H3_MH160359_2023-10-27	Human alphaherpesvirus 1	HSV1_gH	Homo sapiens	MH160359	2023-10-27	?	?	?	BioProject: PRJNA338014	Greninger et al	https://www.ncbi.nlm.nih.gov/nuccore/MH160359	Ultrasensitive capture of human herpes simplex virus genomes	bioRxivorg (2018) In press	?
HSV1-CULTURE-I6_MH160360_2023-10-27	Human alphaherpesvirus 1	HSV1_gH	Homo sapiens	MH160360	2023-10-27	?	?	?	BioProject: PRJNA338014	Greninger et al	https://www.ncbi.nlm.nih.gov/nuccore/MH160360	Ultrasensitive capture of human herpes simplex virus genomes	bioRxivorg (2018) In press	?
HSV1-ORIGINAL-G7_MH160361_2023-10-27	Human alphaherpesvirus 1	HSV1_gH	Homo sapiens	MH160361	2023-10-27	?	?	?	BioProject: PRJNA338014	Greninger et al	https://www.ncbi.nlm.nih.gov/nuccore/MH160361	Ultrasensitive capture of human herpes simplex virus genomes	bioRxivorg (2018) In press	?
HSV1-CULTURE-H1_MH160362_2023-10-27	Human alphaherpesvirus 1	HSV1_gH	Homo sapiens	MH160362	2023-10-27	?	?	?	BioProject: PRJNA338014	Greninger et al	https://www.ncbi.nlm.nih.gov/nuccore/MH160362	Ultrasensitive capture of human herpes simplex virus genomes	bioRxivorg (2018) In press	?
HSV1-ORIGINAL-H8_MH160364_2023-10-27	Human alphaherpesvirus 1	HSV1_gH	Homo sapiens	MH160364	2023-10-27	?	?	?	BioProject: PRJNA338014	Greninger et al	https://www.ncbi.nlm.nih.gov/nuccore/MH160364	Ultrasensitive capture of human herpes simplex virus genomes	bioRxivorg (2018) In press	?
HSV1-ORIGINAL-I7_MH160366_2023-10-27	Human alphaherpesvirus 1	HSV1_gH	Homo sapiens	MH160366	2023-10-27	?	?	?	BioProject: PRJNA338014	Greninger et al	https://www.ncbi.nlm.nih.gov/nuccore/MH160366	Ultrasensitive capture of human herpes simplex virus genomes	bioRxivorg (2018) In press	?
HSV1-CULTURE-G9_MH160369_2023-10-27	Human alphaherpesvirus 1	HSV1_gH	Homo sapiens	MH160369	2023-10-27	?	?	?	BioProject: PRJNA338014	Greninger et al	https://www.ncbi.nlm.nih.gov/nuccore/MH160369	Ultrasensitive capture of human herpes simplex virus genomes	bioRxivorg (2018) In press	?
HSV1-ORIGINAL-I2_MH160370_2023-10-27	Human alphaherpesvirus 1	HSV1_gH	Homo sapiens	MH160370	2023-10-27	?	?	?	BioProject: PRJNA338014	Greninger et al	https://www.ncbi.nlm.nih.gov/nuccore/MH160370	Ultrasensitive capture of human herpes simplex virus genomes	bioRxivorg (2018) In press	?
HSV1-CULTURE-G10_MH160375_2023-10-27	Human alphaherpesvirus 1	HSV1_gH	Homo sapiens	MH160375	2023-10-27	?	?	?	BioProject: PRJNA338014	Greninger et al	https://www.ncbi.nlm.nih.gov/nuccore/MH160375	Ultrasensitive capture of human herpes simplex virus genomes	bioRxivorg (2018) In press	?
HSV1-ORIGINAL-H2_MH160377_2023-10-27	Human alphaherpesvirus 1	HSV1_gH	Homo sapiens	MH160377	2023-10-27	?	?	?	BioProject: PRJNA338014	Greninger et al	https://www.ncbi.nlm.nih.gov/nuccore/MH160377	Ultrasensitive capture of human herpes simplex virus genomes	bioRxivorg (2018) In press	?
HSV1-ORIGINAL-G8_MH160383_2023-10-27	Human alphaherpesvirus 1	HSV1_gH	Homo sapiens	MH160383	2023-10-27	?	?	?	BioProject: PRJNA338014	Greninger et al	https://www.ncbi.nlm.nih.gov/nuccore/MH160383	Ultrasensitive capture of human herpes simplex virus genomes	bioRxivorg (2018) In press	?
HSV1-CULTURE-H2_MH160385_2023-10-27	Human alphaherpesvirus 1	HSV1_gH	Homo sapiens	MH160385	2023-10-27	?	?	?	BioProject: PRJNA338014	Greninger et al	https://www.ncbi.nlm.nih.gov/nuccore/MH160385	Ultrasensitive capture of human herpes simplex virus genomes	bioRxivorg (2018) In press	?
HSV1-CULTURE-G6_MH160389_2023-10-27	Human alphaherpesvirus 1	HSV1_gH	Homo sapiens	MH160389	2023-10-27	?	?	?	BioProject: PRJNA338014	Greninger et al	https://www.ncbi.nlm.nih.gov/nuccore/MH160389	Ultrasensitive capture of human herpes simplex virus genomes	bioRxivorg (2018) In press	?
HSV-R-13_KY922718_2017-09-26	Human alphaherpesvirus 1	HSV1_gH	Homo sapiens	KY922718	2017-09-26	?	?	?	?	Pandey et al	https://www.ncbi.nlm.nih.gov/nuccore/KY922718	Father-to-son transmission of herpes simplex virus results in	Unpublished	?
ZW6_KX424525_2013-XX-XX	Human alphaherpesvirus 1	HSV1_gH	Homo sapiens	KX424525	2013-XX-XX	China	Asia	China	?	Chen et al	https://www.ncbi.nlm.nih.gov/nuccore/KX424525	Genomic sequence of a low passage herpes simplex type 1 clinical	Unpublished	?
CM1_KX791793_2016-10-24	Human alphaherpesvirus 1	HSV1_gH	?	KX791793	2016-10-24	USA: Lexington, KY	North America	USA	BioProject: PRJNA73477	Danaher et al	https://www.ncbi.nlm.nih.gov/nuccore/KX791793	HSV-1 clinical isolates with unique in vivo and in vitro phenotypes	J. Neurovirol. (2016) In press	https://pubmed.ncbi.nlm.nih.gov/27739035
CM7_KX791902_2016-10-24	Human alphaherpesvirus 1	HSV1_gH	?	KX791902	2016-10-24	USA: Lexington, KY	North America	USA	BioProject: PRJNA73477	Danaher et al	https://www.ncbi.nlm.nih.gov/nuccore/KX791902	HSV-1 clinical isolates with unique in vivo and in vitro phenotypes	J. Neurovirol. (2016) In press	https://pubmed.ncbi.nlm.nih.gov/27739035
172_2010_LT594105_2018-06-15	Human alphaherpesvirus 1	HSV1_gH	?	LT594105	2018-06-15	?	?	?	BioProject: PRJEB14190	. et al	https://www.ncbi.nlm.nih.gov/nuccore/LT594105	?	Unpublished	?
2158_2007_LT594106_2018-06-15	Human alphaherpesvirus 1	HSV1_gH	?	LT594106	2018-06-15	?	?	?	BioProject: PRJEB14190	. et al	https://www.ncbi.nlm.nih.gov/nuccore/LT594106	?	Unpublished	?
1319_2005_LT594108_2018-06-15	Human alphaherpesvirus 1	HSV1_gH	?	LT594108	2018-06-15	?	?	?	BioProject: PRJEB14190	. et al	https://www.ncbi.nlm.nih.gov/nuccore/LT594108	?	Unpublished	?
270_2007_LT594109_2018-06-15	Human alphaherpesvirus 1	HSV1_gH	?	LT594109	2018-06-15	?	?	?	BioProject: PRJEB14190	. et al	https://www.ncbi.nlm.nih.gov/nuccore/LT594109	?	Unpublished	?
66_2007_LT594110_2018-06-15	Human alphaherpesvirus 1	HSV1_gH	?	LT594110	2018-06-15	?	?	?	BioProject: PRJEB14190	. et al	https://www.ncbi.nlm.nih.gov/nuccore/LT594110	?	Unpublished	?
369_2007_LT594112_2018-06-15	Human alphaherpesvirus 1	HSV1_gH	?	LT594112	2018-06-15	?	?	?	BioProject: PRJEB14190	. et al	https://www.ncbi.nlm.nih.gov/nuccore/LT594112	?	Unpublished	?
160_1982_LT594192_2018-06-15	Human alphaherpesvirus 1	HSV1_gH	?	LT594192	2018-06-15	?	?	?	BioProject: PRJEB14190	Pfaff et al	https://www.ncbi.nlm.nih.gov/nuccore/LT594192	Direct Submission	Submitted (10-JUN-2016) Friedrich-Loeffler-Institut, Institute of	?
132_1998_LT594457_2018-06-15	Human alphaherpesvirus 1	HSV1_gH	?	LT594457	2018-06-15	?	?	?	BioProject: PRJEB14190	Pfaff et al	https://www.ncbi.nlm.nih.gov/nuccore/LT594457	Direct Submission	Submitted (15-JUN-2016) Friedrich-Loeffler-Institut, Institute of	?
p5A_LT608134_2016-08-19	Human alphaherpesvirus 1	HSV1_gH	?	LT608134	2016-08-19	?	?	?	BioProject: PRJEB11729	Karamitros et al	https://www.ncbi.nlm.nih.gov/nuccore/LT608134	Direct Submission	Submitted (24-MAY-2016) ZOOLOGY DEPARTMENT, UNIVERSITY OF OXFORD,	?
914-Z_KX265036_2016-07-02	Human alphaherpesvirus 1	HSV1_gH	?	KX265036	2016-07-02	?	?	?	?	Lee et al	https://www.ncbi.nlm.nih.gov/nuccore/KX265036	Mapping Murine Corneal Neovascularization and Weight Loss Virulence	J. Virol. (2016) In press	?
p2A_LT576866_2016-05-26	Human alphaherpesvirus 1	HSV1_gH	?	LT576866	2016-05-26	?	?	?	BioProject: PRJEB11729	Karamitros et al	https://www.ncbi.nlm.nih.gov/nuccore/LT576866	Direct Submission	Submitted (24-MAY-2016) ZOOLOGY DEPARTMENT, UNIVERSITY OF OXFORD,	?
p17_LT576867_2016-05-26	Human alphaherpesvirus 1	HSV1_gH	?	LT576867	2016-05-26	?	?	?	BioProject: PRJEB11729	Karamitros et al	https://www.ncbi.nlm.nih.gov/nuccore/LT576867	Direct Submission	Submitted (24-MAY-2016) ZOOLOGY DEPARTMENT, UNIVERSITY OF OXFORD,	?
p1A_LT576868_2016-05-26	Human alphaherpesvirus 1	HSV1_gH	?	LT576868	2016-05-26	?	?	?	BioProject: PRJEB11729	Karamitros et al	https://www.ncbi.nlm.nih.gov/nuccore/LT576868	Direct Submission	Submitted (24-MAY-2016) ZOOLOGY DEPARTMENT, UNIVERSITY OF OXFORD,	?
2C_LT576869_2016-05-26	Human alphaherpesvirus 1	HSV1_gH	?	LT576869	2016-05-26	?	?	?	BioProject: PRJEB11729	Karamitros et al	https://www.ncbi.nlm.nih.gov/nuccore/LT576869	Direct Submission	Submitted (24-MAY-2016) ZOOLOGY DEPARTMENT, UNIVERSITY OF OXFORD,	?
L2_KT780616_2016-03-07	Human alphaherpesvirus 1	HSV1_gH	?	KT780616	2016-03-07	Russia	Europe	Russia	?	Skoblov et al	https://www.ncbi.nlm.nih.gov/nuccore/KT780616	Genome Sequence of Herpes Simplex Virus 1 Strain L2	Unpublished	?
B^3x1-1_KU310657_2015-01-01	Human alphaherpesvirus 1	HSV1_gH	Chlorocebus sabaeus	KU310657	2015-01-01	USA	North America	USA	?	Petro et al	https://www.ncbi.nlm.nih.gov/nuccore/KU310657	HSV-2 DeltagD elicits FcgammaR-effector antibodies that protect	JCI Insight 1 (12) (2016) In press	https://pubmed.ncbi.nlm.nih.gov/27536733
B^3x1-4_KU310660_2015-01-01	Human alphaherpesvirus 1	HSV1_gH	Chlorocebus sabaeus	KU310660	2015-01-01	USA	North America	USA	?	Petro et al	https://www.ncbi.nlm.nih.gov/nuccore/KU310660	HSV-2 DeltagD elicits FcgammaR-effector antibodies that protect	JCI Insight 1 (12) (2016) In press	https://pubmed.ncbi.nlm.nih.gov/27536733
81L_KR052508_2015-05-25	Human alphaherpesvirus 1	HSV1_gH	Homo sapiens	KR052508	2015-05-25	?	?	?	?	Kolb et al	https://www.ncbi.nlm.nih.gov/nuccore/KR052508	Genomic, Phylogenetic, and Recombinational Characterization of	J. Virol. (2015) In press	https://pubmed.ncbi.nlm.nih.gov/25855744
10-2-3_KR011274_2015-05-13	Human alphaherpesvirus 1	HSV1_gH	Homo sapiens	KR011274	2015-05-13	?	?	?	?	Lee et al	https://www.ncbi.nlm.nih.gov/nuccore/KR011274	Recombination Analysis of Herpes Simplex Virus Type 1 Reveals a	J. Virol. (2015) In press	https://pubmed.ncbi.nlm.nih.gov/25926637
34L_KR011275_2015-05-13	Human alphaherpesvirus 1	HSV1_gH	Homo sapiens	KR011275	2015-05-13	?	?	?	?	Lee et al	https://www.ncbi.nlm.nih.gov/nuccore/KR011275	Recombination Analysis of Herpes Simplex Virus Type 1 Reveals a	J. Virol. (2015) In press	https://pubmed.ncbi.nlm.nih.gov/25926637
10-2-2_KR011277_2015-05-13	Human alphaherpesvirus 1	HSV1_gH	Homo sapiens	KR011277	2015-05-13	?	?	?	?	Lee et al	https://www.ncbi.nlm.nih.gov/nuccore/KR011277	Recombination Analysis of Herpes Simplex Virus Type 1 Reveals a	J. Virol. (2015) In press	https://pubmed.ncbi.nlm.nih.gov/25926637
10-6-3_KR011284_2015-05-13	Human alphaherpesvirus 1	HSV1_gH	Homo sapiens	KR011284	2015-05-13	?	?	?	?	Lee et al	https://www.ncbi.nlm.nih.gov/nuccore/KR011284	Recombination Analysis of Herpes Simplex Virus Type 1 Reveals a	J. Virol. (2015) In press	https://pubmed.ncbi.nlm.nih.gov/25926637
10-6-2_KR011306_2015-05-13	Human alphaherpesvirus 1	HSV1_gH	Homo sapiens	KR011306	2015-05-13	?	?	?	?	Lee et al	https://www.ncbi.nlm.nih.gov/nuccore/KR011306	Recombination Analysis of Herpes Simplex Virus Type 1 Reveals a	J. Virol. (2015) In press	https://pubmed.ncbi.nlm.nih.gov/25926637
KOS_KM222721_2010-XX-XX	Human alphaherpesvirus 1	HSV1_gH	Homo sapiens	KM222721	2010-XX-XX	USA	North America	USA	?	Parsons et al	https://www.ncbi.nlm.nih.gov/nuccore/KM222721	Rapid genome assembly and comparison decode intrastrain variation	MBio 6 (2), e02213-14 (2015)	https://pubmed.ncbi.nlm.nih.gov/25827418
F_KM222724_2010-XX-XX	Human alphaherpesvirus 1	HSV1_gH	Homo sapiens	KM222724	2010-XX-XX	USA	North America	USA	?	Parsons et al	https://www.ncbi.nlm.nih.gov/nuccore/KM222724	Rapid genome assembly and comparison decode intrastrain variation	MBio 6 (2), e02213-14 (2015)	https://pubmed.ncbi.nlm.nih.gov/25827418
H166syn_KM222727_1980-XX-XX	Human alphaherpesvirus 1	HSV1_gH	Homo sapiens	KM222727	1980-XX-XX	USA	North America	USA	?	Parsons et al	https://www.ncbi.nlm.nih.gov/nuccore/KM222727	Rapid genome assembly and comparison decode intrastrain variation	MBio 6 (2), e02213-14 (2015)	https://pubmed.ncbi.nlm.nih.gov/25827418
RE_KF498959_1967-XX-XX	Human alphaherpesvirus 1	HSV1_gH	Homo sapiens	KF498959	1967-XX-XX	USA	North America	USA	?	Payne et al	https://www.ncbi.nlm.nih.gov/nuccore/KF498959	Genetic comparison of HSV-1 strains KOS and RE	Unpublished	?
RH2_AB618031_2016-12-22	Human alphaherpesvirus 1	HSV1_gH	?	AB618031	2016-12-22	?	?	?	BioProject: PRJDB2363	Takahashi et al	https://www.ncbi.nlm.nih.gov/nuccore/AB618031	Sequence of a fusogenic herpes simplex virus, RH2, for oncolytic	J. Gen. Virol. 94 (PT 4), 726-737 (2013)	https://pubmed.ncbi.nlm.nih.gov/23239570
Mckrae_JX142173_1965-XX-XX	Human alphaherpesvirus 1	HSV1_gH	Homo sapiens	JX142173	1965-XX-XX	USA	North America	USA	?	Macdonald et al	https://www.ncbi.nlm.nih.gov/nuccore/JX142173	Genome Sequence of Herpes Simplex Virus 1 Strain McKrae	J. Virol. 86 (17), 9540-9541 (2012)	https://pubmed.ncbi.nlm.nih.gov/22879612
McKrae_JQ320081_2011-12-15	Human alphaherpesvirus 1	HSV1_gH	Homo sapiens	JQ320081	2011-12-15	USA	North America	USA	?	Chowdhury et al	https://www.ncbi.nlm.nih.gov/nuccore/JQ320081	Predicted amino acid sequences of herpes simplex virus type 1	Unpublished	?
TFT401_JN420337_2011-11-02	Human alphaherpesvirus 1	HSV1_gH	Homo sapiens	JN420337	2011-11-02	USA: Seattle, Washington	North America	USA	?	Kolb et al	https://www.ncbi.nlm.nih.gov/nuccore/JN420337	Multiplex Sequencing of Seven Ocular Herpes Simplex Virus Type-1	Invest. Ophthalmol. Vis. Sci. (2011) In press	https://pubmed.ncbi.nlm.nih.gov/22016062
CJ311_JN420338_2011-11-02	Human alphaherpesvirus 1	HSV1_gH	Homo sapiens	JN420338	2011-11-02	USA: Seattle, Washington	North America	USA	?	Kolb et al	https://www.ncbi.nlm.nih.gov/nuccore/JN420338	Multiplex Sequencing of Seven Ocular Herpes Simplex Virus Type-1	Invest. Ophthalmol. Vis. Sci. (2011) In press	https://pubmed.ncbi.nlm.nih.gov/22016062
CJ360_JN420339_2011-11-02	Human alphaherpesvirus 1	HSV1_gH	Homo sapiens	JN420339	2011-11-02	USA: Seattle, Washington	North America	USA	?	Kolb et al	https://www.ncbi.nlm.nih.gov/nuccore/JN420339	Multiplex Sequencing of Seven Ocular Herpes Simplex Virus Type-1	Invest. Ophthalmol. Vis. Sci. (2011) In press	https://pubmed.ncbi.nlm.nih.gov/22016062
CJ394_JN420340_2011-11-02	Human alphaherpesvirus 1	HSV1_gH	Homo sapiens	JN420340	2011-11-02	USA: Seattle, Washington	North America	USA	?	Kolb et al	https://www.ncbi.nlm.nih.gov/nuccore/JN420340	Multiplex Sequencing of Seven Ocular Herpes Simplex Virus Type-1	Invest. Ophthalmol. Vis. Sci. (2011) In press	https://pubmed.ncbi.nlm.nih.gov/22016062
E07_HM585497_2013-10-22	Human alphaherpesvirus 1	HSV1_gH	Homo sapiens	HM585497	2013-10-22	Kenya	Africa	Kenya	?	Davison et al	https://www.ncbi.nlm.nih.gov/nuccore/HM585497	Evolution of sexually transmitted and sexually transmissible human	Ann. N. Y. Acad. Sci. 1230 (1), E37-E49 (2011)	https://pubmed.ncbi.nlm.nih.gov/22417106
E08_HM585498_2013-10-22	Human alphaherpesvirus 1	HSV1_gH	Homo sapiens	HM585498	2013-10-22	Kenya	Africa	Kenya	?	Davison et al	https://www.ncbi.nlm.nih.gov/nuccore/HM585498	Evolution of sexually transmitted and sexually transmissible human	Ann. N. Y. Acad. Sci. 1230 (1), E37-E49 (2011)	https://pubmed.ncbi.nlm.nih.gov/22417106
E12_HM585501_2013-10-22	Human alphaherpesvirus 1	HSV1_gH	Homo sapiens	HM585501	2013-10-22	Kenya	Africa	Kenya	?	Davison et al	https://www.ncbi.nlm.nih.gov/nuccore/HM585501	Evolution of sexually transmitted and sexually transmissible human	Ann. N. Y. Acad. Sci. 1230 (1), E37-E49 (2011)	https://pubmed.ncbi.nlm.nih.gov/22417106
E13_HM585502_2013-10-22	Human alphaherpesvirus 1	HSV1_gH	Homo sapiens	HM585502	2013-10-22	Kenya	Africa	Kenya	?	Davison et al	https://www.ncbi.nlm.nih.gov/nuccore/HM585502	Evolution of sexually transmitted and sexually transmissible human	Ann. N. Y. Acad. Sci. 1230 (1), E37-E49 (2011)	https://pubmed.ncbi.nlm.nih.gov/22417106
E22_HM585504_2013-10-22	Human alphaherpesvirus 1	HSV1_gH	Homo sapiens	HM585504	2013-10-22	Kenya	Africa	Kenya	?	Davison et al	https://www.ncbi.nlm.nih.gov/nuccore/HM585504	Evolution of sexually transmitted and sexually transmissible human	Ann. N. Y. Acad. Sci. 1230 (1), E37-E49 (2011)	https://pubmed.ncbi.nlm.nih.gov/22417106
E25_HM585506_2013-10-22	Human alphaherpesvirus 1	HSV1_gH	Homo sapiens	HM585506	2013-10-22	Kenya	Africa	Kenya	?	Davison et al	https://www.ncbi.nlm.nih.gov/nuccore/HM585506	Evolution of sexually transmitted and sexually transmissible human	Ann. N. Y. Acad. Sci. 1230 (1), E37-E49 (2011)	https://pubmed.ncbi.nlm.nih.gov/22417106
CR38_HM585508_2013-10-22	Human alphaherpesvirus 1	HSV1_gH	Homo sapiens	HM585508	2013-10-22	China	Asia	China	?	Davison et al	https://www.ncbi.nlm.nih.gov/nuccore/HM585508	Evolution of sexually transmitted and sexually transmissible human	Ann. N. Y. Acad. Sci. 1230 (1), E37-E49 (2011)	https://pubmed.ncbi.nlm.nih.gov/22417106
E03_HM585509_2013-10-22	Human alphaherpesvirus 1	HSV1_gH	Homo sapiens	HM585509	2013-10-22	Kenya	Africa	Kenya	?	Davison et al	https://www.ncbi.nlm.nih.gov/nuccore/HM585509	Evolution of sexually transmitted and sexually transmissible human	Ann. N. Y. Acad. Sci. 1230 (1), E37-E49 (2011)	https://pubmed.ncbi.nlm.nih.gov/22417106
E14_HM585510_2013-10-22	Human alphaherpesvirus 1	HSV1_gH	Homo sapiens	HM585510	2013-10-22	Kenya	Africa	Kenya	?	Davison et al	https://www.ncbi.nlm.nih.gov/nuccore/HM585510	Evolution of sexually transmitted and sexually transmissible human	Ann. N. Y. Acad. Sci. 1230 (1), E37-E49 (2011)	https://pubmed.ncbi.nlm.nih.gov/22417106
E19_HM585511_2013-10-22	Human alphaherpesvirus 1	HSV1_gH	Homo sapiens	HM585511	2013-10-22	Kenya	Africa	Kenya	?	Davison et al	https://www.ncbi.nlm.nih.gov/nuccore/HM585511	Evolution of sexually transmitted and sexually transmissible human	Ann. N. Y. Acad. Sci. 1230 (1), E37-E49 (2011)	https://pubmed.ncbi.nlm.nih.gov/22417106
R11_HM585514_2013-10-22	Human alphaherpesvirus 1	HSV1_gH	Homo sapiens	HM585514	2013-10-22	South Korea	Asia	South Korea	?	Davison et al	https://www.ncbi.nlm.nih.gov/nuccore/HM585514	Evolution of sexually transmitted and sexually transmissible human	Ann. N. Y. Acad. Sci. 1230 (1), E37-E49 (2011)	https://pubmed.ncbi.nlm.nih.gov/22417106
H129_GU734772_2010-04-27	Human alphaherpesvirus 1	HSV1_gH	?	GU734772	2010-04-27	?	?	?	BioProject: PRJNA43419	Szpara et al	https://www.ncbi.nlm.nih.gov/nuccore/GU734772	Sequence variability in clinical and laboratory isolates of herpes	J. Virol. 84 (10), 5303-5313 (2010)	https://pubmed.ncbi.nlm.nih.gov/20219902
HF_DQ889502_2007-05-04	Human alphaherpesvirus 1	HSV1_gH	?	DQ889502	2007-05-04	?	?	?	?	Ushijima et al	https://www.ncbi.nlm.nih.gov/nuccore/DQ889502	Determination and analysis of the DNA sequence of highly attenuated	Microbes Infect. 9 (2), 142-149 (2007)	https://pubmed.ncbi.nlm.nih.gov/17218138
KOS_AY326452_2016-07-25	Human alphaherpesvirus 1	HSV1_gH	?	AY326452	2016-07-25	?	?	?	?	Chen et al	https://www.ncbi.nlm.nih.gov/nuccore/AY326452	Failure of Thymidine Kinase-Negative Herpes Simplex Virus To	J. Virol. 78 (1), 520-523 (2004)	https://pubmed.ncbi.nlm.nih.gov/14671133
F_AF296257_2000-12-11	Human alphaherpesvirus 1	HSV1_gH	?	AF296257	2000-12-11	?	?	?	?	Kang et al	https://www.ncbi.nlm.nih.gov/nuccore/AF296257	High level production of glycoprotein H of HSV-1(F) using HcNPV	J. Biochem. Mol. Biol. 33, 483-492 (2000)	?
